image_name:kodim1,"image_size(width,height):(768, 512)"
instructions,cycles,branches,cache-referencs,cache-misses
63.652.547,41.710.479,5.407.574,2.055.818,356.040
63.017.973,44.594.052,5.282.424,2.140.167,357.728
62.759.126,45.396.013,5.231.744,2.138.795,361.565
62.732.735,43.985.602,5.226.241,2.163.173,362.045
62.802.498,44.984.749,5.257.291,2.160.956,379.052
63.525.238,43.836.545,5.368.663,2.101.992,347.929
62.754.207,44.571.511,5.230.945,2.189.966,358.297
62.758.087,44.190.208,5.235.341,2.159.157,361.171
62.699.450,44.111.538,5.220.115,2.179.052,367.295
62.727.231,44.300.494,5.226.111,2.193.121,366.465
image_name:kodim2,"image_size(width,height):(768, 512)"
instructions,cycles,branches,cache-referencs,cache-misses
63.319.352,45.433.782,5.330.958,2.070.305,370.757
62.785.345,43.883.179,5.240.744,2.160.559,358.419
62.736.969,43.717.188,5.227.895,2.116.536,352.740
62.789.779,44.612.945,5.241.186,2.190.310,354.455
62.729.936,44.114.958,5.226.068,2.151.821,355.766
63.265.473,55.753.770,5.320.326,2.014.382,406.958
62.848.889,44.698.293,5.264.938,2.078.677,370.543
62.769.738,44.064.133,5.234.696,2.110.293,355.392
62.827.777,44.720.488,5.261.851,2.144.794,369.820
62.754.835,44.237.192,5.230.994,2.158.867,356.387
image_name:kodim3,"image_size(width,height):(768, 512)"
instructions,cycles,branches,cache-referencs,cache-misses
63.048.330,45.641.392,5.303.188,2.171.668,388.200
62.786.539,44.016.108,5.235.326,2.185.553,357.749
62.890.621,44.677.907,5.268.194,2.153.763,372.072
62.860.923,44.583.808,5.267.886,2.198.932,371.041
62.806.820,44.878.094,5.257.940,2.192.346,373.316
62.795.989,44.491.539,5.251.309,2.167.237,369.175
62.820.726,44.768.068,5.256.299,2.181.287,363.066
62.882.112,45.244.595,5.266.611,2.122.532,380.325
62.863.970,44.819.180,5.264.116,2.182.702,360.681
62.773.470,44.356.124,5.247.492,2.162.341,364.703
image_name:kodim4,"image_size(width,height):(512, 768)"
instructions,cycles,branches,cache-referencs,cache-misses
66.469.151,45.049.236,6.651.843,2.245.523,369.388
66.346.440,46.185.329,6.630.360,2.194.681,369.602
66.496.667,46.934.420,6.675.248,2.187.916,387.770
66.395.137,46.067.470,6.638.391,2.208.192,358.417
66.417.065,45.985.667,6.642.916,2.173.084,368.214
66.312.604,46.275.980,6.624.534,2.167.123,379.693
66.419.876,46.333.375,6.643.457,2.162.228,373.371
66.354.015,46.416.057,6.633.039,2.191.341,360.881
66.407.449,47.011.910,6.641.778,2.174.068,372.509
66.315.167,46.573.024,6.624.876,2.166.870,376.382
image_name:kodim5,"image_size(width,height):(768, 512)"
instructions,cycles,branches,cache-referencs,cache-misses
62.795.753,45.302.100,5.237.721,2.138.860,394.928
62.741.234,44.105.124,5.228.746,2.182.938,361.289
62.768.509,44.016.934,5.233.103,2.197.849,357.662
62.893.788,45.288.795,5.266.389,2.150.573,377.535
62.764.522,43.757.504,5.231.909,2.165.521,356.878
62.780.080,44.261.502,5.235.139,2.203.423,359.982
62.855.497,44.900.244,5.257.399,2.173.787,372.532
62.764.006,44.103.461,5.231.982,2.160.232,368.431
62.867.551,44.340.802,5.259.033,2.205.172,366.158
62.791.160,45.267.061,5.236.217,2.155.786,377.100
image_name:kodim6,"image_size(width,height):(768, 512)"
instructions,cycles,branches,cache-referencs,cache-misses
62.932.502,54.097.859,5.261.981,2.153.052,411.161
62.877.992,54.723.841,5.251.908,2.178.169,409.390
62.980.777,53.657.779,5.281.086,2.091.301,425.296
62.791.410,53.217.578,5.241.468,2.163.401,398.560
62.960.736,50.045.805,5.289.200,2.080.751,396.545
62.782.729,48.865.939,5.235.709,2.155.395,388.945
62.825.298,49.236.236,5.242.084,2.079.907,407.667
62.771.617,50.502.972,5.234.025,2.119.361,397.874
62.789.674,52.449.736,5.235.539,2.089.290,411.621
62.925.336,49.240.399,5.283.659,2.114.174,405.290
image_name:kodim7,"image_size(width,height):(768, 512)"
instructions,cycles,branches,cache-referencs,cache-misses
62.958.612,44.945.469,5.289.065,2.184.083,373.037
62.693.369,44.254.965,5.219.088,2.119.149,356.579
62.777.858,44.057.097,5.234.862,2.142.950,357.714
62.788.724,44.808.506,5.236.120,2.176.359,366.122
62.735.856,43.735.330,5.227.487,2.185.436,365.633
62.748.362,44.388.655,5.229.925,2.199.462,363.426
62.731.532,44.662.912,5.226.737,2.181.291,355.558
62.704.688,45.360.585,5.221.373,2.166.486,377.575
62.923.266,44.542.581,5.283.206,2.177.460,366.036
62.996.949,44.169.382,5.297.334,2.181.678,359.704
image_name:kodim8,"image_size(width,height):(768, 512)"
instructions,cycles,branches,cache-referencs,cache-misses
62.756.076,45.077.797,5.231.406,2.151.062,372.987
62.777.594,44.372.309,5.234.548,2.202.108,369.634
63.132.560,45.339.393,5.307.858,2.207.041,374.289
62.747.110,44.723.394,5.238.208,2.214.200,370.586
62.742.403,43.891.328,5.227.472,2.172.994,363.102
62.683.498,43.805.104,5.217.970,2.170.807,359.425
62.877.210,44.423.992,5.276.131,2.160.132,365.712
62.782.226,44.868.187,5.234.936,2.124.657,395.746
62.920.670,45.828.823,5.283.143,2.137.316,407.434
63.033.895,46.536.671,5.283.812,2.143.937,391.516
image_name:kodim9,"image_size(width,height):(512, 768)"
instructions,cycles,branches,cache-referencs,cache-misses
66.500.015,47.402.705,6.671.819,2.196.766,392.961
66.422.384,45.914.118,6.644.455,2.191.510,359.794
66.494.852,46.673.354,6.671.074,2.209.177,368.831
66.377.266,45.808.272,6.636.418,2.165.477,363.535
66.443.780,46.425.066,6.662.356,2.198.294,373.163
66.346.813,47.010.858,6.635.542,2.194.544,364.374
66.326.940,47.290.068,6.626.598,2.221.615,371.158
66.397.337,46.793.849,6.644.961,2.187.654,379.448
66.560.046,46.714.343,6.672.280,2.283.836,375.632
66.552.820,46.439.970,6.667.709,2.197.516,375.241
image_name:kodim10,"image_size(width,height):(512, 768)"
instructions,cycles,branches,cache-referencs,cache-misses
66.432.441,47.249.319,6.650.880,2.193.009,366.924
66.394.223,46.482.587,6.643.941,2.171.640,376.497
66.432.422,46.378.945,6.650.255,2.165.259,368.075
66.717.171,46.577.773,6.696.101,2.208.611,370.810
66.367.402,45.643.819,6.634.640,2.143.587,364.391
66.343.746,45.925.859,6.635.063,2.207.829,362.969
66.414.808,46.314.523,6.647.929,2.200.925,364.890
66.391.922,46.874.319,6.638.711,2.160.646,380.760
66.448.791,46.262.749,6.662.464,2.175.449,384.028
66.401.010,46.368.415,6.644.318,2.189.820,370.826
image_name:kodim11,"image_size(width,height):(768, 512)"
instructions,cycles,branches,cache-referencs,cache-misses
62.882.578,45.529.555,5.266.932,2.097.040,387.655
62.756.726,44.367.790,5.235.755,2.196.052,367.371
62.726.320,43.488.168,5.224.857,2.168.878,354.807
62.808.364,44.560.763,5.244.822,2.194.097,366.874
62.733.498,43.835.492,5.227.294,2.135.339,353.334
62.752.150,44.387.428,5.235.414,2.191.235,366.279
62.762.225,43.869.081,5.231.619,2.170.303,358.739
62.806.549,46.278.505,5.244.885,2.173.307,377.236
62.887.565,43.950.679,5.255.749,2.156.047,355.197
62.761.075,44.676.580,5.236.548,2.187.818,368.112
image_name:kodim12,"image_size(width,height):(768, 512)"
instructions,cycles,branches,cache-referencs,cache-misses
62.892.346,44.046.646,5.276.755,2.202.424,364.690
62.779.036,45.102.786,5.230.394,2.200.878,370.419
62.785.937,43.669.958,5.244.666,2.142.181,350.154
62.805.292,44.004.017,5.247.737,2.173.792,357.610
62.839.452,44.593.292,5.264.836,2.155.565,356.963
62.851.569,44.005.364,5.266.769,2.172.788,358.273
62.861.119,43.927.138,5.267.309,2.168.075,358.534
62.838.597,44.127.552,5.254.251,2.114.286,366.248
62.860.556,44.538.369,5.268.203,2.184.325,355.524
62.844.141,44.200.386,5.256.199,2.146.728,359.857
image_name:kodim13,"image_size(width,height):(768, 512)"
instructions,cycles,branches,cache-referencs,cache-misses
62.881.422,44.726.551,5.261.854,2.125.299,362.840
62.710.729,44.864.661,5.218.191,2.187.307,362.517
62.805.733,43.930.391,5.249.033,2.153.333,362.371
62.704.938,44.336.930,5.217.139,2.152.928,362.701
62.809.904,44.723.075,5.250.132,2.165.053,359.750
62.789.850,44.038.452,5.236.356,2.174.435,358.315
62.811.161,44.610.736,5.249.852,2.145.109,357.462
62.728.780,44.669.461,5.226.601,2.118.569,358.943
62.824.203,44.624.373,5.251.851,2.152.842,376.793
62.799.650,43.716.913,5.238.623,2.173.525,369.460
image_name:kodim14,"image_size(width,height):(768, 512)"
instructions,cycles,branches,cache-referencs,cache-misses
62.801.951,44.643.616,5.247.475,2.149.747,365.563
62.743.264,43.864.845,5.228.321,2.193.913,362.238
62.790.408,43.872.925,5.246.480,2.165.942,355.182
62.748.358,44.013.628,5.229.351,2.206.860,363.298
62.795.807,44.490.946,5.247.521,2.175.200,361.128
62.747.233,44.034.843,5.229.408,2.190.570,365.020
62.795.719,44.093.253,5.246.844,2.177.063,359.302
62.696.951,43.893.694,5.220.005,2.159.654,362.575
62.801.680,44.245.514,5.247.984,2.190.041,362.513
62.740.900,44.310.581,5.228.293,2.188.183,364.883
image_name:kodim15,"image_size(width,height):(768, 512)"
instructions,cycles,branches,cache-referencs,cache-misses
62.790.169,44.918.698,5.239.944,2.216.811,378.833
62.795.632,45.365.357,5.231.190,2.162.012,374.642
62.765.080,45.395.325,5.237.306,2.208.155,374.229
62.771.351,44.731.112,5.237.077,2.237.066,373.628
62.738.973,44.328.367,5.227.645,2.109.961,385.522
62.735.246,46.043.719,5.226.690,2.153.205,409.589
62.744.765,45.353.180,5.232.991,2.161.300,394.546
62.769.961,45.513.233,5.233.253,2.140.952,383.657
63.586.924,50.962.210,5.390.248,2.156.980,411.975
63.425.284,49.358.274,5.344.597,2.126.776,426.294
image_name:kodim16,"image_size(width,height):(768, 512)"
instructions,cycles,branches,cache-referencs,cache-misses
62.814.262,45.956.346,5.240.353,2.180.217,398.349
62.934.621,59.381.928,5.257.460,2.145.853,432.079
62.771.788,51.663.747,5.233.109,2.116.051,400.464
62.766.361,48.612.826,5.232.954,2.094.535,394.117
62.852.125,51.507.290,5.242.449,2.142.830,420.451
62.776.590,49.042.760,5.233.886,2.099.872,396.553
62.747.933,49.890.659,5.224.487,2.151.346,394.105
62.807.328,53.021.327,5.244.014,2.049.853,427.663
62.848.154,52.725.120,5.245.939,2.092.475,417.849
62.781.168,46.475.312,5.238.720,2.155.827,402.487
image_name:kodim17,"image_size(width,height):(512, 768)"
instructions,cycles,branches,cache-referencs,cache-misses
66.572.853,46.513.896,6.694.436,2.158.467,386.349
66.420.876,46.475.846,6.648.500,2.174.126,366.573
66.400.855,47.140.133,6.654.014,2.127.276,409.956
66.414.423,46.786.384,6.646.288,2.183.730,380.796
66.458.004,47.407.322,6.664.678,2.170.643,396.004
66.447.067,46.305.183,6.653.801,2.178.386,372.000
66.411.087,46.335.116,6.655.619,2.211.395,374.359
66.452.209,48.569.133,6.644.971,2.157.602,414.231
66.478.147,47.647.061,6.663.213,2.170.772,400.358
66.417.398,47.156.252,6.638.579,2.208.960,390.501
image_name:kodim18,"image_size(width,height):(512, 768)"
instructions,cycles,branches,cache-referencs,cache-misses
66.412.484,47.082.987,6.647.508,2.222.300,375.873
66.466.486,46.314.200,6.661.721,2.131.363,357.661
66.505.309,46.488.864,6.672.687,2.221.921,373.980
66.428.511,47.102.438,6.654.943,2.130.875,388.608
66.515.078,46.390.784,6.674.425,2.198.190,383.578
66.470.543,46.072.770,6.661.946,2.194.818,360.293
66.488.694,48.018.725,6.669.731,2.205.273,372.081
66.562.174,46.240.923,6.692.605,2.151.390,373.105
66.507.635,46.977.630,6.672.663,2.211.700,377.756
66.383.719,45.848.513,6.642.668,2.184.232,359.007
image_name:kodim19,"image_size(width,height):(512, 768)"
instructions,cycles,branches,cache-referencs,cache-misses
66.385.815,46.829.851,6.637.847,2.168.582,383.408
66.378.065,47.432.517,6.636.240,2.195.575,380.454
66.501.838,45.580.888,6.682.465,2.161.873,363.217
66.370.556,46.546.695,6.634.786,2.194.990,374.888
66.406.833,46.308.636,6.641.570,2.188.123,375.639
66.440.437,46.541.716,6.647.240,2.178.231,388.689
66.353.434,47.740.066,6.627.577,2.174.825,394.301
66.377.180,45.882.681,6.636.660,2.178.348,366.967
66.411.423,46.619.751,6.655.121,2.118.052,386.014
66.506.794,45.338.544,6.673.502,2.176.118,358.537
image_name:kodim20,"image_size(width,height):(768, 512)"
instructions,cycles,branches,cache-referencs,cache-misses
62.833.737,45.289.949,5.257.220,2.204.016,382.213
62.864.206,51.692.338,5.264.186,2.163.104,422.324
63.117.853,47.413.130,5.303.178,2.199.561,395.858
62.847.830,46.998.973,5.261.192,2.158.745,402.818
62.805.301,44.923.086,5.238.997,2.196.261,374.835
62.826.587,44.649.248,5.243.514,2.179.515,376.746
62.779.369,45.002.535,5.239.868,2.174.303,395.255
62.730.244,44.363.738,5.230.685,2.220.812,362.806
62.759.784,44.919.175,5.231.262,2.212.444,375.676
62.801.935,44.444.848,5.244.629,2.189.974,367.957
image_name:kodim21,"image_size(width,height):(768, 512)"
instructions,cycles,branches,cache-referencs,cache-misses
62.774.140,46.959.229,5.233.039,2.169.478,406.579
62.738.628,46.194.300,5.231.462,2.193.544,386.739
62.780.282,46.327.390,5.234.547,2.129.161,411.018
62.843.240,45.304.956,5.260.022,2.118.443,394.185
62.752.700,45.703.583,5.230.743,2.140.356,383.497
62.732.811,44.769.181,5.227.308,2.207.410,370.276
62.859.839,45.369.484,5.262.733,2.153.909,378.515
63.089.427,45.926.201,5.290.329,2.161.146,408.909
62.803.299,46.688.135,5.238.832,2.166.182,403.300
62.744.683,45.694.864,5.228.572,2.163.053,390.697
image_name:kodim22,"image_size(width,height):(768, 512)"
instructions,cycles,branches,cache-referencs,cache-misses
62.721.291,44.925.326,5.224.291,2.175.643,372.545
62.826.341,44.482.353,5.243.466,2.154.723,377.949
62.738.635,44.618.684,5.227.144,2.204.254,370.614
62.829.062,45.628.427,5.243.873,2.140.487,383.739
62.738.581,44.303.102,5.222.086,2.168.440,367.705
62.710.528,44.639.377,5.218.057,2.174.146,370.633
62.753.578,45.182.754,5.234.505,2.198.562,375.777
62.667.251,44.667.767,5.210.365,2.170.762,369.241
62.773.285,44.799.400,5.238.352,2.169.453,373.156
62.733.880,45.208.489,5.222.330,2.190.735,373.658
image_name:kodim23,"image_size(width,height):(768, 512)"
instructions,cycles,branches,cache-referencs,cache-misses
62.810.492,45.252.680,5.244.733,2.207.270,378.233
62.751.544,44.264.919,5.225.070,2.174.948,366.652
62.771.643,45.767.974,5.238.440,2.186.538,380.779
62.798.393,44.644.976,5.234.794,2.168.388,377.911
62.721.820,45.240.594,5.229.359,2.222.442,377.195
62.718.888,44.725.948,5.219.824,2.213.290,371.061
62.762.191,45.478.966,5.237.110,2.210.904,374.365
62.727.698,45.770.065,5.220.869,2.200.848,384.704
62.777.246,45.288.302,5.239.228,2.236.656,374.445
62.683.913,44.737.140,5.212.747,2.199.858,371.379
image_name:kodim24,"image_size(width,height):(768, 512)"
instructions,cycles,branches,cache-referencs,cache-misses
62.810.958,43.840.008,5.235.109,2.178.717,392.633
62.933.318,45.599.668,5.265.163,2.217.499,383.163
62.824.647,45.636.300,5.256.092,2.188.366,382.039
62.787.446,45.124.877,5.249.525,2.222.573,374.189
62.730.283,44.681.411,5.220.948,2.204.107,370.407
62.827.305,45.054.812,5.256.440,2.183.946,380.064
62.680.100,44.794.857,5.212.453,2.195.643,372.458
62.820.943,45.358.367,5.255.580,2.215.246,378.634
62.676.340,44.668.784,5.211.153,2.197.323,368.923
62.780.936,44.771.289,5.235.253,2.178.770,375.160
