image_name:Brain2.pgm,"image_size(width,height):(675, 901)"
instructions,cycles,branches,cache-referencs,cache-misses,time elapsed in s
279.833.697,84.289.819,16.727.476,69.867,36.514,"0,029370127"
279.806.079,84.213.029,16.722.027,68.256,29.759,"0,024118522"
279.809.858,84.873.802,16.722.822,76.385,32.674,"0,025058975"
279.763.421,84.203.726,16.714.738,66.217,28.987,"0,023094404"
279.770.722,85.053.246,16.715.803,77.371,31.464,"0,024992617"
279.810.302,84.211.278,16.722.573,69.593,28.602,"0,023731272"
279.800.222,85.232.327,16.720.924,81.388,33.687,"0,025547020"
279.809.423,84.281.240,16.725.361,67.076,29.691,"0,024755007"
279.792.451,85.274.679,16.722.870,68.904,31.168,"0,025682887"
279.779.042,84.167.288,16.720.691,65.550,28.470,"0,024515149"
image_name:Jupiter.ppm,"image_size(width,height):(1390, 1079)"
instructions,cycles,branches,cache-referencs,cache-misses,time elapsed in s
690.483.259,204.397.013,41.157.479,142.639,63.641,"0,064046695"
690.478.601,205.472.956,41.156.188,138.832,65.301,"0,062722810"
690.420.928,207.235.929,41.145.375,148.023,65.475,"0,058876877"
690.437.400,205.197.207,41.149.733,136.370,66.681,"0,061194303"
690.424.226,204.865.621,41.147.196,138.768,67.587,"0,062384839"
690.589.851,205.731.937,41.179.977,148.568,68.705,"0,059318355"
690.503.004,214.566.786,41.159.011,182.341,78.032,"0,063712063"
690.381.895,205.788.919,41.133.223,146.174,65.586,"0,060575799"
690.403.919,206.855.430,41.136.601,155.152,66.338,"0,061989742"
690.407.188,209.191.910,41.143.738,148.394,66.588,"0,059332582"
image_name:Malamute.bmp,"image_size(width,height):(1616, 1080)"
instructions,cycles,branches,cache-referencs,cache-misses,time elapsed in s
803.500.228,244.784.449,47.860.991,164.683,75.954,"0,069683870"
803.473.857,245.075.506,47.860.460,167.513,75.334,"0,071518008"
803.659.780,244.724.877,47.899.360,167.715,79.059,"0,074593421"
803.517.018,248.319.099,47.867.150,180.441,77.720,"0,074035914"
803.468.116,243.854.716,47.857.949,162.089,76.128,"0,067976589"
803.531.935,253.995.170,47.866.936,212.344,84.965,"0,075471340"
803.695.136,247.005.541,47.906.271,175.644,79.181,"0,074737548"
803.512.015,247.573.265,47.866.577,173.746,76.572,"0,073279309"
803.539.474,244.479.989,47.868.298,165.998,78.241,"0,069390485"
803.563.957,244.823.317,47.872.647,164.533,77.010,"0,069548638"
image_name:Maltese.bmp,"image_size(width,height):(2238, 2446)"
instructions,cycles,branches,cache-referencs,cache-misses,time elapsed in s
2.522.657.036,759.492.393,150.146.796,477.905,232.250,"0,230140690"
2.522.159.224,754.535.741,150.055.787,438.282,219.952,"0,205001065"
2.523.143.059,762.232.238,150.261.630,488.025,245.256,"0,235536442"
2.522.556.931,760.884.710,150.126.598,482.422,227.441,"0,229839097"
2.522.406.330,758.752.202,150.109.629,452.335,222.012,"0,230237184"
2.522.348.339,753.970.887,150.079.786,432.889,220.983,"0,235970186"
2.522.654.515,755.386.809,150.155.821,459.068,230.086,"0,206034451"
2.522.438.816,756.420.699,150.119.627,435.644,220.217,"0,231276323"
2.522.204.069,755.238.269,150.067.451,450.692,219.014,"0,206843052"
2.522.455.482,759.072.614,150.121.704,442.851,223.413,"0,233466922"
image_name:Mars.ppm,"image_size(width,height):(1280, 1024)"
instructions,cycles,branches,cache-referencs,cache-misses,time elapsed in s
664.940.269,194.282.323,35.997.524,126.065,61.418,"0,055148581"
664.920.212,193.624.197,35.994.880,122.779,60.974,"0,057170162"
664.765.522,194.406.307,35.963.370,126.063,59.999,"0,054281543"
664.784.260,193.981.463,35.966.574,127.610,60.124,"0,054011182"
664.818.899,194.987.005,35.969.560,130.595,61.352,"0,058809879"
664.784.119,196.045.885,35.967.331,131.895,59.702,"0,055874955"
664.860.281,199.086.690,35.979.438,161.562,65.440,"0,059775892"
664.777.608,194.657.096,35.963.001,131.173,60.595,"0,058707747"
664.814.658,194.859.698,35.968.821,133.936,61.739,"0,059648451"
664.854.082,195.272.367,35.981.750,133.198,62.554,"0,053655400"
image_name:Rainier.bmp,"image_size(width,height):(1920, 1080)"
instructions,cycles,branches,cache-referencs,cache-misses,time elapsed in s
961.237.019,296.383.653,56.881.316,184.853,88.044,"0,088958876"
961.131.960,295.986.479,56.852.885,189.549,90.296,"0,092642626"
961.200.507,295.145.220,56.874.344,178.511,86.065,"0,089939443"
961.191.141,295.851.487,56.865.310,182.188,85.575,"0,093488049"
961.252.427,299.460.302,56.874.150,208.905,91.874,"0,096037278"
961.115.072,296.975.740,56.853.992,185.987,86.882,"0,082384646"
961.189.111,298.729.114,56.865.934,201.938,90.123,"0,084939336"
961.127.560,295.675.694,56.852.263,181.300,90.583,"0,090990034"
961.173.763,295.562.233,56.861.106,177.425,84.425,"0,093990871"
961.252.621,296.199.009,56.883.258,180.988,89.878,"0,080443199"
image_name:Saturn.ppm,"image_size(width,height):(1500, 1200)"
instructions,cycles,branches,cache-referencs,cache-misses,time elapsed in s
828.735.478,246.357.200,49.366.612,172.605,77.885,"0,075905937"
828.692.515,249.628.343,49.358.673,177.247,79.350,"0,069450186"
828.684.773,249.669.766,49.358.319,179.393,78.413,"0,075157878"
828.727.239,245.122.982,49.364.899,169.499,79.120,"0,076258854"
828.718.231,248.607.168,49.363.948,183.635,79.317,"0,075259528"
828.920.148,249.788.074,49.408.949,193.095,88.643,"0,074256137"
828.642.188,245.082.313,49.349.457,169.332,79.086,"0,068841860"
828.726.296,245.422.817,49.363.393,174.772,78.816,"0,068889100"
828.674.269,245.650.074,49.354.804,166.442,79.577,"0,068872071"
828.675.592,245.870.514,49.354.437,168.036,79.340,"0,068710932"
image_name:Sun.ppm,"image_size(width,height):(2100, 2034)"
instructions,cycles,branches,cache-referencs,cache-misses,time elapsed in s
1.968.033.116,589.305.065,117.152.792,351.808,184.040,"0,161220423"
1.968.212.343,588.029.712,117.188.919,358.813,185.351,"0,183600248"
1.968.159.783,599.278.367,117.163.341,436.239,193.342,"0,192232332"
1.967.880.866,593.711.877,117.119.434,370.266,179.208,"0,166506612"
1.967.739.198,588.476.320,117.090.822,337.172,175.265,"0,160963835"
1.967.753.850,594.211.887,117.093.840,352.579,176.223,"0,162952027"
1.967.788.406,590.927.699,117.095.800,360.513,175.037,"0,184905110"
1.967.840.644,590.674.685,117.103.049,370.682,175.999,"0,189603567"
1.967.995.288,590.161.460,117.143.883,355.223,180.640,"0,160317923"
1.967.789.630,589.219.530,117.095.425,353.101,174.612,"0,185472578"
image_name:Uranus.ppm,"image_size(width,height):(1920, 1080)"
instructions,cycles,branches,cache-referencs,cache-misses,time elapsed in s
960.890.264,279.458.395,56.853.142,182.016,88.475,"0,083296268"
960.847.616,279.235.505,56.844.158,181.952,88.243,"0,076966671"
960.907.475,278.460.055,56.856.370,177.777,90.117,"0,076661095"
960.921.139,282.341.951,56.858.736,183.781,90.390,"0,079013526"
960.887.597,278.462.845,56.851.302,180.459,89.905,"0,077535527"
960.942.824,282.440.171,56.859.661,204.633,99.705,"0,080833401"
960.979.376,278.908.334,56.869.350,192.303,89.572,"0,083826018"
960.853.866,278.360.675,56.843.233,180.860,90.556,"0,076267277"
960.908.847,279.603.878,56.850.920,189.400,93.272,"0,086222934"
960.916.416,280.138.780,56.854.670,189.657,88.837,"0,084614664"
image_name:airplane.ppm,"image_size(width,height):(512, 512)"
instructions,cycles,branches,cache-referencs,cache-misses,time elapsed in s
123.482.823,37.786.041,7.255.364,39.864,16.105,"0,011731420"
123.444.941,39.051.573,7.248.786,42.516,18.262,"0,012169575"
123.500.392,37.979.885,7.257.828,40.199,16.045,"0,012014011"
123.480.606,42.138.009,7.253.856,56.590,18.706,"0,013048993"
123.471.884,37.826.435,7.253.730,40.149,15.928,"0,011742114"
123.447.323,37.738.411,7.248.414,39.875,16.095,"0,011487774"
123.443.492,37.687.931,7.247.574,38.523,14.934,"0,011525224"
123.462.115,37.793.507,7.253.483,40.691,15.561,"0,011541137"
123.463.859,37.810.413,7.253.811,40.703,16.511,"0,011602844"
123.419.709,37.726.803,7.243.040,40.192,15.677,"0,011754785"
image_name:airplaneU2.pgm,"image_size(width,height):(1024, 1024)"
instructions,cycles,branches,cache-referencs,cache-misses,time elapsed in s
494.081.393,147.437.060,28.781.636,102.080,47.944,"0,045711489"
494.097.674,149.751.317,28.790.072,116.477,47.667,"0,044833328"
494.077.321,147.811.039,28.782.270,110.327,48.028,"0,042978180"
494.086.860,147.016.874,28.786.146,103.453,46.006,"0,042812119"
494.112.536,147.184.040,28.788.896,103.594,47.435,"0,043411412"
494.114.804,147.807.093,28.793.226,101.540,48.220,"0,043034997"
494.076.715,147.530.336,28.786.202,103.863,47.466,"0,040840391"
494.066.232,147.247.281,28.781.581,101.824,46.600,"0,044137565"
494.103.911,150.155.046,28.787.799,115.874,51.916,"0,045745639"
494.048.715,146.766.682,28.777.924,101.436,45.331,"0,041468089"
image_name:barbara.ppm,"image_size(width,height):(720, 576)"
instructions,cycles,branches,cache-referencs,cache-misses,time elapsed in s
190.763.714,59.516.148,11.422.366,52.883,23.258,"0,017581664"
190.805.878,60.807.052,11.429.047,64.302,24.044,"0,018395933"
190.781.397,59.354.793,11.425.392,52.155,21.864,"0,017174684"
190.794.459,60.450.568,11.428.120,56.614,25.522,"0,018358815"
190.769.548,59.777.990,11.425.455,56.129,23.371,"0,017806213"
190.773.684,60.659.018,11.424.655,60.326,24.971,"0,019259794"
190.813.294,60.789.004,11.432.167,62.606,25.637,"0,018582253"
190.787.600,60.011.325,11.427.912,59.605,22.675,"0,017343791"
190.799.998,59.819.754,11.428.856,55.948,20.806,"0,018260228"
190.788.799,61.416.519,11.427.608,59.556,24.178,"0,018732039"
image_name:bone_scint.pgm,"image_size(width,height):(1129, 1865)"
instructions,cycles,branches,cache-referencs,cache-misses,time elapsed in s
969.436.752,289.981.951,57.733.096,182.671,87.179,"0,080725225"
969.623.386,291.382.945,57.769.262,194.915,90.184,"0,086865653"
969.712.378,359.891.042,57.775.379,277.681,113.185,"0,108437021"
969.619.563,294.618.456,57.770.018,209.947,90.888,"0,093297232"
969.719.943,333.236.625,57.783.874,303.190,99.830,"0,101177681"
969.541.547,290.609.907,57.750.491,189.545,88.514,"0,090212674"
969.476.287,290.107.473,57.742.568,186.478,88.063,"0,080536718"
969.493.009,290.594.221,57.743.472,193.492,90.881,"0,080641028"
969.471.001,290.212.986,57.739.628,190.741,89.840,"0,079630407"
969.521.715,290.955.288,57.749.163,197.049,92.201,"0,081496818"
image_name:brickwall.bmp,"image_size(width,height):(1024, 1024)"
instructions,cycles,branches,cache-referencs,cache-misses,time elapsed in s
494.134.011,148.747.028,28.790.629,105.190,47.974,"0,045319296"
494.109.200,149.538.077,28.785.499,107.935,47.803,"0,042882003"
494.100.321,148.722.428,28.785.334,107.249,45.890,"0,042748330"
494.096.329,149.777.624,28.782.384,104.488,46.721,"0,042870463"
494.058.971,147.679.415,28.776.598,97.183,44.983,"0,041204242"
494.102.495,147.698.388,28.784.972,101.549,45.535,"0,041986986"
494.144.605,148.615.664,28.790.639,105.179,46.893,"0,044110883"
494.182.212,148.674.651,28.794.866,111.922,48.630,"0,045599302"
494.162.556,154.081.349,28.793.669,125.885,57.010,"0,046006137"
494.234.484,150.812.469,28.805.849,128.675,51.471,"0,045496973"
image_name:carpet.bmp,"image_size(width,height):(1024, 1024)"
instructions,cycles,branches,cache-referencs,cache-misses,time elapsed in s
494.230.814,157.696.142,28.788.237,101.326,49.493,"0,046057725"
494.244.719,160.791.848,28.787.600,118.933,49.357,"0,046881004"
494.261.299,159.274.229,28.792.897,115.285,48.366,"0,046890439"
494.220.724,156.675.956,28.784.913,100.086,45.472,"0,044691100"
494.283.244,158.553.256,28.794.927,113.351,48.992,"0,046579374"
494.190.043,156.993.973,28.779.586,100.576,45.672,"0,043369176"
494.271.993,158.306.229,28.793.748,118.502,48.341,"0,044903879"
494.280.606,159.427.463,28.793.847,120.162,53.813,"0,045793420"
494.253.382,158.247.574,28.789.559,115.009,49.756,"0,045027459"
494.228.549,156.943.984,28.786.089,104.540,46.864,"0,043923953"
image_name:girl.ppm,"image_size(width,height):(720, 576)"
instructions,cycles,branches,cache-referencs,cache-misses,time elapsed in s
190.755.627,58.284.921,11.424.624,53.232,22.907,"0,017625009"
190.770.556,57.952.779,11.427.073,57.954,25.481,"0,017664130"
190.717.450,58.073.820,11.416.295,52.041,22.327,"0,017886999"
190.725.596,58.008.467,11.417.778,53.959,21.883,"0,017565377"
190.700.769,57.861.252,11.413.905,51.066,21.319,"0,017129834"
190.817.457,58.710.726,11.434.415,59.428,24.436,"0,018040583"
190.746.072,57.814.932,11.422.371,53.149,21.283,"0,017068275"
190.763.096,59.516.800,11.425.213,59.571,23.992,"0,019529142"
190.755.907,58.019.873,11.423.707,52.338,23.232,"0,017648180"
190.705.163,58.531.022,11.415.033,57.055,24.517,"0,017605374"
image_name:lenna.ppm,"image_size(width,height):(512, 512)"
instructions,cycles,branches,cache-referencs,cache-misses,time elapsed in s
123.445.146,37.516.396,7.249.209,39.561,15.887,"0,012038800"
123.406.848,39.178.874,7.242.436,46.739,18.308,"0,012603885"
123.415.238,37.462.573,7.243.957,40.126,15.975,"0,011390462"
123.446.031,37.703.036,7.248.260,39.963,14.878,"0,011579043"
123.488.775,37.600.740,7.259.060,45.128,16.250,"0,011228704"
123.416.805,37.752.216,7.244.246,40.204,15.754,"0,013039997"
123.437.930,37.768.675,7.247.995,39.759,16.458,"0,011984586"
123.423.073,37.804.694,7.245.078,44.653,15.717,"0,011649134"
123.422.340,37.660.525,7.246.148,40.185,15.295,"0,011574536"
123.495.326,37.581.505,7.259.463,40.558,14.881,"0,012086079"
image_name:man.pgm,"image_size(width,height):(1024, 1024)"
instructions,cycles,branches,cache-referencs,cache-misses,time elapsed in s
494.133.327,154.082.444,28.785.718,117.915,57.577,"0,046555059"
494.132.488,149.852.095,28.790.767,106.313,47.352,"0,044526386"
494.101.947,149.285.142,28.782.492,105.310,47.988,"0,042244123"
494.096.421,148.980.323,28.779.642,102.030,47.038,"0,043239042"
494.134.847,151.051.606,28.786.990,111.384,48.410,"0,046640632"
494.100.267,148.962.916,28.781.874,102.772,46.041,"0,041748835"
494.159.220,149.424.610,28.791.458,106.704,48.142,"0,043120009"
494.162.811,149.418.268,28.795.690,106.359,47.988,"0,044345836"
494.260.748,155.459.792,28.811.459,140.219,55.202,"0,047378671"
494.222.193,152.736.190,28.801.492,127.304,51.344,"0,045228575"
image_name:monarch.ppm,"image_size(width,height):(768, 512)"
instructions,cycles,branches,cache-referencs,cache-misses,time elapsed in s
199.284.578,59.280.443,10.842.021,50.971,21.067,"0,017853741"
199.223.859,59.110.061,10.832.472,49.303,23.317,"0,018645619"
199.297.371,59.073.629,10.844.426,52.379,21.778,"0,017929085"
199.223.434,59.462.153,10.831.491,53.012,21.429,"0,018101608"
199.243.908,59.242.627,10.835.312,51.627,20.526,"0,017784947"
199.285.168,59.462.453,10.844.652,55.911,21.869,"0,018190970"
199.270.139,59.191.084,10.840.310,51.880,21.390,"0,017639595"
199.272.274,59.829.123,10.842.488,58.284,23.645,"0,018594946"
199.235.973,59.469.974,10.834.838,52.121,20.954,"0,018004556"
199.201.999,61.172.325,10.827.998,56.075,21.521,"0,018785597"
image_name:shoulderCR.pgm,"image_size(width,height):(1162, 684)"
instructions,cycles,branches,cache-referencs,cache-misses,time elapsed in s
365.666.365,109.861.174,21.829.102,80.189,36.188,"0,032433358"
365.676.689,109.737.313,21.829.703,81.280,36.151,"0,033034858"
365.660.083,112.635.058,21.825.924,95.406,39.869,"0,034169928"
365.652.392,109.908.946,21.826.239,80.557,37.369,"0,032325196"
365.629.200,110.989.910,21.820.875,88.664,43.126,"0,032931493"
365.614.441,110.709.382,21.819.476,86.781,36.907,"0,032290976"
365.650.884,109.939.885,21.826.642,83.635,39.783,"0,033173832"
365.676.214,109.751.347,21.830.354,85.373,36.392,"0,033390618"
365.638.398,110.755.507,21.823.342,83.423,40.452,"0,032437970"
365.682.157,110.583.419,21.830.690,86.023,37.674,"0,032696804"
image_name:textureA.bmp,"image_size(width,height):(1024, 1024)"
instructions,cycles,branches,cache-referencs,cache-misses,time elapsed in s
494.117.141,146.994.575,28.789.222,103.678,52.093,"0,048141876"
494.100.402,148.384.010,28.790.102,106.742,48.376,"0,044571084"
494.084.985,148.558.236,28.782.387,113.848,47.960,"0,045023973"
494.027.557,146.359.386,28.773.815,96.717,45.176,"0,040420128"
494.126.957,150.656.286,28.790.500,112.809,48.416,"0,045801179"
494.267.868,186.103.034,28.813.625,164.264,67.452,"0,057254507"
494.135.629,152.344.401,28.791.931,122.214,50.292,"0,043224678"
494.232.533,150.720.064,28.808.248,126.388,58.130,"0,045456552"
494.201.616,146.506.656,28.805.144,102.843,46.515,"0,044831921"
494.103.946,148.822.380,28.791.190,111.978,47.061,"0,045603863"
image_name:ultrasound.pgm,"image_size(width,height):(895, 597)"
instructions,cycles,branches,cache-referencs,cache-misses,time elapsed in s
245.774.607,73.286.697,14.696.998,61.358,27.327,"0,022392408"
245.802.504,73.450.358,14.701.302,65.348,27.097,"0,020585321"
245.812.182,77.040.821,14.703.297,77.424,28.641,"0,024282911"
245.802.769,76.430.072,14.703.886,69.712,26.435,"0,023797099"
245.815.658,79.428.783,14.703.725,85.262,31.246,"0,024315461"
245.750.366,73.432.146,14.692.674,61.621,25.514,"0,021492721"
245.775.187,74.628.612,14.697.548,69.504,29.494,"0,022762939"
245.869.383,73.942.477,14.716.759,69.951,27.451,"0,021726035"
245.758.120,74.219.222,14.693.555,69.531,29.518,"0,022648750"
245.806.523,73.388.212,14.704.687,65.040,26.980,"0,021673201"
